{
  "step": 3000,
  "metrics": {
    "absolute_change": {
      "safety_snip_top": {
        "mean": 5.392587499865447e-05,
        "std": 0.00017195745460798375,
        "min": 0.0,
        "max": 0.00732421875,
        "median": 0.0,
        "q25": 0.0,
        "q75": 0.0,
        "count": 6475904
      },
      "safety_set_diff": {
        "mean": 2.579393977019354e-05,
        "std": 0.00011577125000367107,
        "min": 0.0,
        "max": 0.005615234375,
        "median": 0.0,
        "q25": 0.0,
        "q75": 0.0,
        "count": 2360147
      },
      "utility": {
        "mean": 5.3934455668223134e-05,
        "std": 0.00016938497356249588,
        "min": 0.0,
        "max": 0.00787353515625,
        "median": 0.0,
        "q25": 0.0,
        "q75": 0.0,
        "count": 6475904
      },
      "random": {
        "mean": 4.9391343399675024e-05,
        "std": 0.00014673622936205895,
        "min": 0.0,
        "max": 0.00666046142578125,
        "median": 0.0,
        "q25": 0.0,
        "q75": 0.0,
        "count": 6475904
      }
    },
    "relative_change": {
      "safety_snip_top": {
        "mean": 0.003459169128849964,
        "std": 0.020224753616791262,
        "min": 0.0,
        "max": 4.595505617977528,
        "median": 0.0,
        "q25": 0.0,
        "q75": 0.0,
        "count": 6475904
      },
      "safety_set_diff": {
        "mean": 0.001162104491546139,
        "std": 0.008286988610664339,
        "min": 0.0,
        "max": 1.455223880597015,
        "median": 0.0,
        "q25": 0.0,
        "q75": 0.0,
        "count": 2360147
      },
      "utility": {
        "mean": 0.0036448395363728485,
        "std": 0.02276354265905199,
        "min": 0.0,
        "max": 4.595505617977528,
        "median": 0.0,
        "q25": 0.0,
        "q75": 0.0,
        "count": 6475904
      },
      "random": {
        "mean": 0.03274722829143414,
        "std": 4.94022709435148,
        "min": 0.0,
        "max": 6591.0,
        "median": 0.0,
        "q25": 0.0,
        "q75": 0.0,
        "count": 6475904
      }
    }
  }
}