{
  "step": 2500,
  "metrics": {
    "absolute_change": {
      "safety_snip_top": {
        "mean": 5.2635136496532935e-05,
        "std": 0.00016829567633786945,
        "min": 0.0,
        "max": 0.007080078125,
        "median": 0.0,
        "q25": 0.0,
        "q75": 0.0,
        "count": 6475904
      },
      "safety_set_diff": {
        "mean": 2.5040782916098896e-05,
        "std": 0.00011267948843992855,
        "min": 0.0,
        "max": 0.0054931640625,
        "median": 0.0,
        "q25": 0.0,
        "q75": 0.0,
        "count": 2360147
      },
      "utility": {
        "mean": 5.271847577783771e-05,
        "std": 0.00016593294532564194,
        "min": 0.0,
        "max": 0.0076904296875,
        "median": 0.0,
        "q25": 0.0,
        "q75": 0.0,
        "count": 6475904
      },
      "random": {
        "mean": 4.833983345939123e-05,
        "std": 0.00014371224420715083,
        "min": 0.0,
        "max": 0.00650787353515625,
        "median": 0.0,
        "q25": 0.0,
        "q75": 0.0,
        "count": 6475904
      }
    },
    "relative_change": {
      "safety_snip_top": {
        "mean": 0.0033940873377275747,
        "std": 0.019996943536076575,
        "min": 0.0,
        "max": 4.393258426966292,
        "median": 0.0,
        "q25": 0.0,
        "q75": 0.0,
        "count": 6475904
      },
      "safety_set_diff": {
        "mean": 0.0011304698845563282,
        "std": 0.0080862323983519,
        "min": 0.0,
        "max": 1.4333333333333333,
        "median": 0.0,
        "q25": 0.0,
        "q75": 0.0,
        "count": 2360147
      },
      "utility": {
        "mean": 0.0035799420924433867,
        "std": 0.022497472299294247,
        "min": 0.0,
        "max": 4.393258426966292,
        "median": 0.0,
        "q25": 0.0,
        "q75": 0.0,
        "count": 6475904
      },
      "random": {
        "mean": 0.03220635901674681,
        "std": 4.895373475039695,
        "min": 0.0,
        "max": 6239.0,
        "median": 0.0,
        "q25": 0.0,
        "q75": 0.0,
        "count": 6475904
      }
    }
  }
}