{
  "step": 1500,
  "metrics": {
    "absolute_change": {
      "safety_snip_top": {
        "mean": 4.5726945780463876e-05,
        "std": 0.00014937390655669837,
        "min": 0.0,
        "max": 0.006103515625,
        "median": 0.0,
        "q25": 0.0,
        "q75": 0.0,
        "count": 6475904
      },
      "safety_set_diff": {
        "mean": 2.1439062687692103e-05,
        "std": 9.880555944547851e-05,
        "min": 0.0,
        "max": 0.004638671875,
        "median": 0.0,
        "q25": 0.0,
        "q75": 0.0,
        "count": 2360147
      },
      "utility": {
        "mean": 4.60664817513417e-05,
        "std": 0.0001475125116363399,
        "min": 0.0,
        "max": 0.0068359375,
        "median": 0.0,
        "q25": 0.0,
        "q75": 0.0,
        "count": 6475904
      },
      "random": {
        "mean": 4.208266664779164e-05,
        "std": 0.0001257327826708547,
        "min": 0.0,
        "max": 0.00684356689453125,
        "median": 0.0,
        "q25": 0.0,
        "q75": 0.0,
        "count": 6475904
      }
    },
    "relative_change": {
      "safety_snip_top": {
        "mean": 0.0030176122849334855,
        "std": 0.018583925507727826,
        "min": 0.0,
        "max": 4.01123595505618,
        "median": 0.0,
        "q25": 0.0,
        "q75": 0.0,
        "count": 6475904
      },
      "safety_set_diff": {
        "mean": 0.0009684870044825763,
        "std": 0.00696336872788947,
        "min": 0.0,
        "max": 1.2257575757575758,
        "median": 0.0,
        "q25": 0.0,
        "q75": 0.0,
        "count": 2360147
      },
      "utility": {
        "mean": 0.0032204041030403302,
        "std": 0.02100817421304786,
        "min": 0.0,
        "max": 4.01123595505618,
        "median": 0.0,
        "q25": 0.0,
        "q75": 0.0,
        "count": 6475904
      },
      "random": {
        "mean": 0.027785804073775466,
        "std": 3.7787430570273712,
        "min": 0.0,
        "max": 4767.0,
        "median": 0.0,
        "q25": 0.0,
        "q75": 0.0,
        "count": 6475904
      }
    }
  }
}