{
  "step": 2000,
  "metrics": {
    "absolute_change": {
      "safety_snip_top": {
        "mean": 4.989384055634691e-05,
        "std": 0.00016150678506149534,
        "min": 0.0,
        "max": 0.0068359375,
        "median": 0.0,
        "q25": 0.0,
        "q75": 0.0,
        "count": 6475904
      },
      "safety_set_diff": {
        "mean": 2.366214018830219e-05,
        "std": 0.00010768674900255595,
        "min": 0.0,
        "max": 0.0050048828125,
        "median": 0.0,
        "q25": 0.0,
        "q75": 0.0,
        "count": 2360147
      },
      "utility": {
        "mean": 4.9991436613589036e-05,
        "std": 0.00015899200268723902,
        "min": 0.0,
        "max": 0.00750732421875,
        "median": 0.0,
        "q25": 0.0,
        "q75": 0.0,
        "count": 6475904
      },
      "random": {
        "mean": 4.59643348059588e-05,
        "std": 0.00013706539333888885,
        "min": 0.0,
        "max": 0.00659942626953125,
        "median": 0.0,
        "q25": 0.0,
        "q75": 0.0,
        "count": 6475904
      }
    },
    "relative_change": {
      "safety_snip_top": {
        "mean": 0.0032489646015989946,
        "std": 0.019467755338822737,
        "min": 0.0,
        "max": 4.235955056179775,
        "median": 0.0,
        "q25": 0.0,
        "q75": 0.0,
        "count": 6475904
      },
      "safety_set_diff": {
        "mean": 0.0010712300112394966,
        "std": 0.007711202443416921,
        "min": 0.0,
        "max": 1.3863636363636365,
        "median": 0.0,
        "q25": 0.0,
        "q75": 0.0,
        "count": 2360147
      },
      "utility": {
        "mean": 0.0034387617530460468,
        "std": 0.021956956760757543,
        "min": 0.0,
        "max": 4.235955056179775,
        "median": 0.0,
        "q25": 0.0,
        "q75": 0.0,
        "count": 6475904
      },
      "random": {
        "mean": 0.03044181865081468,
        "std": 4.321601388479594,
        "min": 0.0,
        "max": 5823.0,
        "median": 0.0,
        "q25": 0.0,
        "q75": 0.0,
        "count": 6475904
      }
    }
  }
}