{
  "step": 1000,
  "metrics": {
    "absolute_change": {
      "safety_snip_top": {
        "mean": 3.900655103515246e-05,
        "std": 0.00012968745314427687,
        "min": 0.0,
        "max": 0.005859375,
        "median": 0.0,
        "q25": 0.0,
        "q75": 0.0,
        "count": 6475904
      },
      "safety_set_diff": {
        "mean": 1.8385997048903113e-05,
        "std": 8.621328580274247e-05,
        "min": 0.0,
        "max": 0.00341796875,
        "median": 0.0,
        "q25": 0.0,
        "q75": 0.0,
        "count": 2360147
      },
      "utility": {
        "mean": 3.9421034285002626e-05,
        "std": 0.00012819073206050434,
        "min": 0.0,
        "max": 0.005126953125,
        "median": 0.0,
        "q25": 0.0,
        "q75": 0.0,
        "count": 6475904
      },
      "random": {
        "mean": 3.6212150575046414e-05,
        "std": 0.0001081910601727922,
        "min": 0.0,
        "max": 0.00498199462890625,
        "median": 0.0,
        "q25": 0.0,
        "q75": 0.0,
        "count": 6475904
      }
    },
    "relative_change": {
      "safety_snip_top": {
        "mean": 0.0026646599542520786,
        "std": 0.017136441710001903,
        "min": 0.0,
        "max": 3.027906976744186,
        "median": 0.0,
        "q25": 0.0,
        "q75": 0.0,
        "count": 6475904
      },
      "safety_set_diff": {
        "mean": 0.0008317612629913031,
        "std": 0.005991283602690827,
        "min": 0.0,
        "max": 1.1037878787878788,
        "median": 0.0,
        "q25": 0.0,
        "q75": 0.0,
        "count": 2360147
      },
      "utility": {
        "mean": 0.0028785448914403714,
        "std": 0.01954892386141747,
        "min": 0.0,
        "max": 3.027906976744186,
        "median": 0.0,
        "q25": 0.0,
        "q75": 0.0,
        "count": 6475904
      },
      "random": {
        "mean": 0.02426871642804072,
        "std": 3.384777442649706,
        "min": 0.0,
        "max": 4575.0,
        "median": 0.0,
        "q25": 0.0,
        "q75": 0.0,
        "count": 6475904
      }
    }
  }
}