{
  "step": 500,
  "metrics": {
    "absolute_change": {
      "safety_snip_top": {
        "mean": 3.0204735360431802e-05,
        "std": 0.00010191276330428597,
        "min": 0.0,
        "max": 0.004150390625,
        "median": 0.0,
        "q25": 0.0,
        "q75": 0.0,
        "count": 6475904
      },
      "safety_set_diff": {
        "mean": 1.422959208129394e-05,
        "std": 6.723992619435713e-05,
        "min": 0.0,
        "max": 0.0025634765625,
        "median": 0.0,
        "q25": 0.0,
        "q75": 0.0,
        "count": 2360147
      },
      "utility": {
        "mean": 3.099516726916294e-05,
        "std": 0.00010219345145808832,
        "min": 0.0,
        "max": 0.0029296875,
        "median": 0.0,
        "q25": 0.0,
        "q75": 0.0,
        "count": 6475904
      },
      "random": {
        "mean": 2.831032577987585e-05,
        "std": 8.368959530926411e-05,
        "min": 0.0,
        "max": 0.0035400390625,
        "median": 0.0,
        "q25": 0.0,
        "q75": 0.0,
        "count": 6475904
      }
    },
    "relative_change": {
      "safety_snip_top": {
        "mean": 0.002224132087390269,
        "std": 0.01531543469958803,
        "min": 0.0,
        "max": 2.6,
        "median": 0.0,
        "q25": 0.0,
        "q75": 0.0,
        "count": 6475904
      },
      "safety_set_diff": {
        "mean": 0.000649711164164803,
        "std": 0.00461591809643026,
        "min": 0.0,
        "max": 0.75,
        "median": 0.0,
        "q25": 0.0,
        "q75": 0.0,
        "count": 2360147
      },
      "utility": {
        "mean": 0.002460399960220818,
        "std": 0.01777182895263137,
        "min": 0.0,
        "max": 2.6,
        "median": 0.0,
        "q25": 0.0,
        "q75": 0.0,
        "count": 6475904
      },
      "random": {
        "mean": 0.019455108416419217,
        "std": 2.693313683489251,
        "min": 0.0,
        "max": 3039.0,
        "median": 0.0,
        "q25": 0.0,
        "q75": 0.0,
        "count": 6475904
      }
    }
  }
}