{
  "absolute_change": {
    "safety_snip_top_vs_utility": {
      "mean_diff": -8.580669568666031e-09,
      "cohens_d": -5.0274593450190065e-05,
      "group_mean": 5.392587499865447e-05,
      "baseline_mean": 5.3934455668223134e-05,
      "group_std": 0.00017195745460798375,
      "baseline_std": 0.00016938497356249588
    },
    "safety_set_diff_vs_utility": {
      "mean_diff": -2.8140515898029593e-05,
      "cohens_d": -0.19397048720839102,
      "group_mean": 2.579393977019354e-05,
      "baseline_mean": 5.3934455668223134e-05,
      "group_std": 0.00011577125000367107,
      "baseline_std": 0.00016938497356249588
    },
    "random_vs_utility": {
      "mean_diff": -4.54311226854811e-06,
      "cohens_d": -0.02866936330808724,
      "group_mean": 4.9391343399675024e-05,
      "baseline_mean": 5.3934455668223134e-05,
      "group_std": 0.00014673622936205895,
      "baseline_std": 0.00016938497356249588
    }
  },
  "relative_change": {
    "safety_snip_top_vs_utility": {
      "mean_diff": -0.00018567040752288455,
      "cohens_d": -0.00862315916688246,
      "group_mean": 0.003459169128849964,
      "baseline_mean": 0.0036448395363728485,
      "group_std": 0.020224753616791262,
      "baseline_std": 0.02276354265905199
    },
    "safety_set_diff_vs_utility": {
      "mean_diff": -0.0024827350448267094,
      "cohens_d": -0.1449374738491687,
      "group_mean": 0.001162104491546139,
      "baseline_mean": 0.0036448395363728485,
      "group_std": 0.008286988610664339,
      "baseline_std": 0.02276354265905199
    },
    "random_vs_utility": {
      "mean_diff": 0.029102388755061288,
      "cohens_d": 0.008330903656493681,
      "group_mean": 0.03274722829143414,
      "baseline_mean": 0.0036448395363728485,
      "group_std": 4.94022709435148,
      "baseline_std": 0.02276354265905199
    }
  }
}